{"columns":["mean_fit_time","std_fit_time","mean_score_time","std_score_time","param_C","param_l1_ratio","params","split0_test_f1","split1_test_f1","split2_test_f1","split3_test_f1","split4_test_f1","mean_test_f1","std_test_f1","rank_test_f1","split0_train_f1","split1_train_f1","split2_train_f1","split3_train_f1","split4_train_f1","mean_train_f1","std_train_f1","split0_test_average_precision","split1_test_average_precision","split2_test_average_precision","split3_test_average_precision","split4_test_average_precision","mean_test_average_precision","std_test_average_precision","rank_test_average_precision","split0_train_average_precision","split1_train_average_precision","split2_train_average_precision","split3_train_average_precision","split4_train_average_precision","mean_train_average_precision","std_train_average_precision"],"data":[[170.9497689724,11.1298191487,0.1723351002,0.0321475671,0.01,0.0,{"C":0.01,"l1_ratio":0},0.6281655572,0.6322416248,0.632346377,0.6267753027,0.630241139,0.6299540002,0.0022064355,1,0.6309161801,0.6302948786,0.6292672928,0.6311870796,0.6296854924,0.6302701847,0.0007219797,0.7826915271,0.7814673201,0.7838960205,0.7779955085,0.7835464531,0.7819193659,0.0021331578,14,0.7820368254,0.7821673753,0.7816898443,0.7831540617,0.7817327054,0.7821561624,0.0005304599],[169.376045084,10.7114126172,0.1530994415,0.0319364827,0.01,0.5,{"C":0.01,"l1_ratio":0.5},0.6281655572,0.6322416248,0.632346377,0.6267753027,0.630241139,0.6299540002,0.0022064355,1,0.6309161801,0.6302948786,0.6292672928,0.6311870796,0.6296854924,0.6302701847,0.0007219797,0.7826914815,0.7814672503,0.7838960434,0.7779955002,0.7835465348,0.781919362,0.0021331772,15,0.7820367693,0.7821673371,0.7816898444,0.7831540336,0.7817327849,0.7821561539,0.000530439],[167.4275307655,11.9202077596,0.1151638985,0.0084471789,0.01,1.0,{"C":0.01,"l1_ratio":1},0.6281655572,0.6322416248,0.632346377,0.6267753027,0.630241139,0.6299540002,0.0022064355,1,0.6309348357,0.6303007659,0.6292672928,0.6311929687,0.6296854924,0.6302762711,0.0007268698,0.7826920989,0.7814673942,0.7838959088,0.7779954281,0.7835465115,0.7819194683,0.0021332139,13,0.7820376135,0.7821674063,0.781689808,0.7831540106,0.7817327734,0.7821563224,0.0005304009],[440.1427231312,25.095105494,0.1930254936,0.0219795535,0.1,0.0,{"C":0.1,"l1_ratio":0},0.6277054681,0.6327099677,0.6315905825,0.6257123825,0.6294750065,0.6294386814,0.0025386076,4,0.6301415456,0.6292043341,0.6286680464,0.6307972589,0.6291803127,0.6295982996,0.0007652336,0.7838065958,0.7830914067,0.7852103249,0.7792199516,0.7847789786,0.7832214515,0.0021332049,12,0.7834123092,0.7834012477,0.7830226083,0.7845412767,0.7830814919,0.7834917867,0.0005485277],[455.8257301331,21.5813014936,0.1955821037,0.0937024434,0.1,0.5,{"C":0.1,"l1_ratio":0.5},0.6277054681,0.6327099677,0.6315905825,0.6257123825,0.6294750065,0.6294386814,0.0025386076,4,0.6301415456,0.6291985121,0.6286680464,0.6307972589,0.6291803127,0.6295971352,0.0007658364,0.7838065492,0.783091442,0.7852103872,0.7792199493,0.7847789852,0.7832214626,0.0021332153,11,0.7834123097,0.7834012628,0.7830226003,0.7845412911,0.7830814439,0.7834917816,0.0005485413],[451.8981535912,23.8502042969,0.1770406246,0.0166113362,0.1,1.0,{"C":0.1,"l1_ratio":1},0.6277054681,0.6327099677,0.6315905825,0.6257123825,0.6294750065,0.6294386814,0.0025386076,4,0.6301415456,0.6292043341,0.628673855,0.6307972589,0.6291803127,0.6295994613,0.0007638236,0.7838066169,0.7830914606,0.785210381,0.7792199507,0.7847789359,0.783221469,0.0021332099,10,0.783412311,0.7834012687,0.7830226138,0.7845412959,0.7830814659,0.7834917911,0.0005485373],[514.2301127911,13.3862635075,0.1428531647,0.0144783458,1.0,0.0,{"C":1,"l1_ratio":0},0.6274538691,0.6318601803,0.6309396739,0.6253048555,0.6291322314,0.6289381621,0.0023658379,10,0.6301005568,0.6288966499,0.628401188,0.6302614928,0.6288866785,0.6293093132,0.0007357058,0.783843548,0.7831578894,0.785255788,0.7792726841,0.7848295688,0.7832718957,0.0021305235,8,0.7834730031,0.7834464672,0.7830798624,0.784596936,0.7831476504,0.7835487838,0.0005469241],[496.9815116405,6.8565947848,0.1565452576,0.067390263,1.0,0.5,{"C":1,"l1_ratio":0.5},0.6274538691,0.6318601803,0.6309396739,0.6253048555,0.6291322314,0.6289381621,0.0023658379,10,0.6301005568,0.6288966499,0.628401188,0.6302614928,0.6288866785,0.6293093132,0.0007357058,0.7838434803,0.7831579737,0.7852558092,0.7792727773,0.7848296676,0.7832719416,0.0021305024,7,0.7834730119,0.7834464969,0.7830798515,0.7845969857,0.7831475832,0.7835487858,0.0005469535],[477.4766402245,8.1322780514,0.1844947338,0.0441137386,1.0,1.0,{"C":1,"l1_ratio":1},0.6274538691,0.6318601803,0.6309396739,0.6253048555,0.6291322314,0.6289381621,0.0023658379,10,0.6301005568,0.6288966499,0.628401188,0.6302614928,0.6288866785,0.6293093132,0.0007357058,0.7838434897,0.7831579227,0.7852557224,0.7792727019,0.7848295231,0.783271872,0.0021304944,9,0.7834730416,0.7834464872,0.783079837,0.7845969365,0.7831476881,0.7835487981,0.0005469213],[482.6007433891,7.6450901425,0.141457653,0.0196525733,10.0,0.0,{"C":10,"l1_ratio":0},0.6274813096,0.6319109462,0.630916452,0.625240136,0.6291911032,0.6289479894,0.0023921701,7,0.6301336977,0.6288717887,0.6283616778,0.6302111232,0.6288250624,0.62928067,0.0007500278,0.783845706,0.7831567803,0.7852558246,0.7792726906,0.7848312185,0.783272444,0.0021308971,4,0.7834758023,0.7834483178,0.7830823644,0.7845995763,0.7831494892,0.78355111,0.0005470906],[486.8698934078,4.2342357464,0.1290628433,0.0171246899,10.0,0.5,{"C":10,"l1_ratio":0.5},0.6274813096,0.6319109462,0.6308932318,0.6252632357,0.6291911032,0.6289479653,0.0023812075,9,0.6301336977,0.6288717887,0.6283616778,0.6302111232,0.6288250624,0.62928067,0.0007500278,0.7838457351,0.7831567764,0.7852557269,0.7792726847,0.7848312561,0.7832724358,0.0021308882,5,0.7834757964,0.7834482907,0.7830823421,0.7845995428,0.7831494968,0.7835510937,0.0005470817],[477.1749345303,2.6482157168,0.1252382278,0.0148957386,10.0,1.0,{"C":10,"l1_ratio":1},0.6274813096,0.6319109462,0.630916452,0.625240136,0.6291911032,0.6289479894,0.0023921701,7,0.6301336977,0.6288717887,0.6283616778,0.6302111232,0.6288250624,0.62928067,0.0007500278,0.7838456714,0.783156593,0.7852557176,0.7792727462,0.7848311917,0.783272384,0.0021308525,6,0.7834757688,0.7834482566,0.7830823854,0.7845995676,0.7831494536,0.7835510864,0.0005470921],[495.4034721851,13.0592022704,0.1376181126,0.0142698534,100.0,0.0,{"C":100,"l1_ratio":0},0.6274582014,0.6318640546,0.6308700132,0.6252632357,0.6291911032,0.6289293216,0.0023686221,13,0.6301648123,0.6288659794,0.6283558827,0.6302004932,0.6288318983,0.6292838132,0.0007558213,0.783846242,0.7831566866,0.7852554481,0.779272476,0.7848316806,0.7832725067,0.002131005,2,0.7834760671,0.7834485165,0.7830826838,0.7845997256,0.7831497092,0.7835513404,0.0005470461],[499.6055050373,4.0231288604,0.128507328,0.0097260149,100.0,0.5,{"C":100,"l1_ratio":0.5},0.6274582014,0.6318640546,0.6308700132,0.6252632357,0.6291911032,0.6289293216,0.0023686221,13,0.6301648123,0.6288659794,0.6283558827,0.6302004932,0.6288318983,0.6292838132,0.0007558213,0.7838462051,0.7831565956,0.7852554448,0.779272503,0.7848316584,0.7832724814,0.00213099,3,0.7834761014,0.7834485308,0.7830827212,0.7845997249,0.7831497309,0.7835513618,0.0005470347],[1761.7140800476,641.7594321315,0.0910494328,0.0081375785,100.0,1.0,{"C":100,"l1_ratio":1},0.6274582014,0.6318640546,0.6308700132,0.6252632357,0.6291911032,0.6289293216,0.0023686221,13,0.6301648123,0.6288659794,0.6283558827,0.6302004932,0.6288318983,0.6292838132,0.0007558213,0.7838462908,0.7831566068,0.7852554861,0.7792725039,0.7848316741,0.7832725123,0.0021310041,1,0.7834760736,0.7834484847,0.7830826932,0.7845997246,0.783149727,0.7835513406,0.0005470425]]}